unit ,Timestamp,Date,cycle,s_2,s_3,s_4,s_6,s_7,s_8,s_9,s_11,s_12,s_13,s_14,s_15,s_17,s_20,s_21
0,19:18:08,14-08-2023,1,643.86,1612.86,1393.95,21.6,554.62,2388.08,9145.19,47.65,521.64,2388.13,8199.43,8.57,398.99,38.96,23.41
1,19:18:09,14-08-2023,1,643.23,1571.79,1396.64,21.6,554.84,2388,9111.08,47.07,519.2,2388.56,8142.23,8.46,398.07,38.93,23.11
2,19:18:10,14-08-2023,1,643.33,1595.09,1411.49,21.61,551.67,2388.41,9139.12,48.14,520.57,2388.49,8154.84,8.42,397.69,39.33,22.94
3,19:18:11,14-08-2023,1,644.36,1595.17,1387.35,21.6,553.97,2388.49,9099.48,46.96,518.78,2388.19,8112.17,8.39,399.65,39.3,23.51
4,19:18:12,14-08-2023,1,642.1,1595.8,1404.48,21.61,553.03,2388.34,9140.2,46.92,520.74,2388.51,8280.31,8.51,391.41,39.09,23.36
5,19:18:13,14-08-2023,1,642.39,1602.59,1392.08,21.6,555.32,2388.45,9095.35,47.23,522.88,2388.12,8233,8.57,395.06,38.99,23.52
6,19:18:14,14-08-2023,1,642.67,1613.42,1405.85,21.61,554.1,2388.5,9129.26,47.21,523.15,2388.51,8128.55,8.55,395.69,38.7,23.34
7,19:18:15,14-08-2023,1,642.14,1607.09,1400.46,21.6,551.25,2388.02,9083.29,47.78,520.64,2388,8275.66,8.35,389.51,38.78,23.44
8,19:18:16,14-08-2023,1,644.48,1613.93,1422.8,21.6,554.51,2388.14,9087.29,47.24,521.43,2388.05,8129.47,8.52,389.51,39.16,23.01
9,19:18:17,14-08-2023,1,643.68,1574.46,1438.53,21.6,553.09,2388.02,9075.23,48.19,522.13,2388.33,8287.4,8.49,397.12,38.26,22.99
10,19:18:18,14-08-2023,1,642.94,1574.63,1386.39,21.6,552.72,2388.44,9149.5,48.12,518.93,2387.99,8293.72,8.38,398.68,38.3,23.62
1,19:18:19,14-08-2023,2,641.39,1610.97,1386.53,21.6,555.58,2388.29,9061.93,47.12,520.53,2388.5,8258.78,8.42,394.63,38.89,23.22
2,19:18:20,14-08-2023,2,643.49,1575.61,1413.7,21.61,551.74,2388.55,9150.31,48.32,522.2,2388.31,8106.8,8.52,398,39.33,23.53
3,19:18:21,14-08-2023,2,643.97,1615.97,1426.31,21.61,555.96,2388.34,9132.55,47.13,522.58,2388.48,8114.86,8.49,390.98,38.95,23.06
4,19:18:22,14-08-2023,2,643.54,1585.57,1401.73,21.6,550.31,2388.32,9071.57,47.94,521.09,2388.54,8154.21,8.47,396.63,38.29,23.24
5,19:18:23,14-08-2023,2,643.18,1614.36,1408.96,21.6,555.11,2388.19,9022.45,47.43,521.5,2388.45,8145.26,8.5,393.8,38.76,23.12
6,19:18:24,14-08-2023,2,643.57,1579.41,1419.09,21.6,552.42,2388.36,9171.92,47.92,520.32,2388.01,8217.97,8.49,396.77,38.56,23.43
7,19:18:25,14-08-2023,2,641.88,1613.28,1422.81,21.61,551.45,2388.25,9041.26,47.29,522.8,2388.35,8118.1,8.35,392.34,38.88,23.32
8,19:18:26,14-08-2023,2,643.42,1584.29,1428.21,21.6,551.9,2388.03,9241.11,46.86,522.57,2388.11,8136.41,8.44,399.5,39.33,23.45
9,19:18:27,14-08-2023,2,643.53,1576.6,1422.88,21.6,554.66,2388.52,9225.93,48.3,519.64,2388.42,8206.14,8.4,398.86,39.31,23.53
10,19:18:28,14-08-2023,2,642.86,1597.47,1391.89,21.6,555.22,2388.22,9125.06,48.28,521.02,2388.08,8134.9,8.5,396.73,38.32,23.33
1,19:18:29,14-08-2023,3,642.84,1609.49,1425.15,21.6,551.23,2388.23,9048.75,47.08,520.38,2388.1,8280.52,8.56,395.47,39.22,23.49
2,19:18:30,14-08-2023,3,642.86,1586.41,1405.61,21.61,553.63,2388.07,9055.43,46.97,519.2,2388.32,8170.4,8.4,391.98,38.26,23.2
3,19:18:31,14-08-2023,3,644.31,1597.81,1397.98,21.61,554.58,2388.22,9056.78,48.33,521.62,2388.23,8140.22,8.47,393.11,39.21,23.18
4,19:18:32,14-08-2023,3,642.02,1585.99,1425.46,21.61,555.97,2388.12,9221.76,47.08,520.62,2387.88,8251.72,8.53,391.52,38.29,23.52
5,19:18:33,14-08-2023,3,643.6,1573.3,1408.85,21.61,554.25,2388.04,9127.34,48.3,519.13,2387.95,8174.14,8.4,395.89,39.18,22.99
6,19:18:34,14-08-2023,3,641.38,1573.49,1409.37,21.61,554.15,2388.19,9048.28,47.84,521.4,2388.24,8215.25,8.42,391.65,39.29,23.24
7,19:18:35,14-08-2023,3,641.77,1599.01,1413.4,21.61,553.55,2388.05,9206.66,46.97,519.15,2388.51,8132.81,8.45,390.71,39.21,23.1
8,19:18:36,14-08-2023,3,642.4,1611.33,1402.64,21.61,553.94,2387.92,9079.11,48.16,521.63,2388.45,8159.65,8.38,390.38,38.93,22.97
9,19:18:37,14-08-2023,3,643.45,1606.92,1424.87,21.6,552.34,2388.11,9118.45,47.24,520.5,2388.24,8129.92,8.47,388.17,38.63,23.17
10,19:18:38,14-08-2023,3,642.22,1604.86,1397.68,21.61,553.28,2388.51,9174.61,48.21,521.96,2388.09,8225.1,8.33,394.4,39.23,23.34
1,19:18:39,14-08-2023,4,643.34,1594.82,1405.99,21.6,554.31,2388.43,9172.79,47.11,518.84,2387.92,8232.82,8.37,395.43,39.04,23.31
2,19:18:40,14-08-2023,4,641.21,1571.3,1400.33,21.6,553.92,2388.47,9062.1,47.42,521.82,2388.48,8226.54,8.41,398.62,38.38,23.01
3,19:18:41,14-08-2023,4,642.88,1609.06,1422.28,21.61,551.04,2388.16,9179.08,48.31,521.26,2388.38,8280.64,8.39,399.12,38.85,23.57
4,19:18:42,14-08-2023,4,642.85,1596.39,1437.88,21.61,554.91,2388.29,9168.19,48.52,523.08,2388.1,8269.36,8.48,395.65,39.12,23.46
5,19:18:43,14-08-2023,4,643.85,1583.09,1418.05,21.6,550.89,2388.43,9214.52,48.32,521.81,2388.16,8218.53,8.48,395.75,38.83,23
6,19:18:44,14-08-2023,4,643.13,1572.55,1423.77,21.61,555.02,2388.24,9046.83,47.67,521.08,2387.91,8257.75,8.42,395.65,38.72,23
7,19:18:45,14-08-2023,4,642.58,1582.37,1406.35,21.6,554.31,2388.28,9202.9,47.83,520.79,2388.2,8292.78,8.34,388.89,38.97,23.33
8,19:18:46,14-08-2023,4,641.95,1581.12,1419.59,21.61,554.43,2388.21,9119.47,48.28,523.16,2388.53,8274.16,8.52,392,38.83,23.05
9,19:18:47,14-08-2023,4,642.8,1614.61,1409.87,21.61,555.86,2388.02,9123.81,48.16,522.28,2388.5,8149.85,8.52,399.56,38.57,23.19
10,19:18:48,14-08-2023,4,643.07,1596.47,1419.11,21.6,552.82,2388.14,9167.45,48.39,519.68,2388.29,8267.64,8.35,392.48,38.4,23.36
1,19:18:59,14-08-2023,6,643.18,1602.07,1417.58,21.6,553.33,2388.27,9075.8,46.88,520.3,2387.89,8278.93,8.48,397.25,39.28,23.57
2,19:19:00,14-08-2023,6,641.78,1591.59,1411.14,21.61,553.82,2388.54,9056.35,47.34,522.83,2388.13,8274.23,8.52,393.71,38.49,23.58
3,19:19:01,14-08-2023,6,641.62,1610.75,1419.17,21.61,555.59,2388.02,9084.64,47.13,519.64,2388.31,8134.09,8.36,390.73,39.36,22.9
4,19:19:02,14-08-2023,6,641.74,1576.54,1409.61,21.61,555.53,2387.97,9158.62,46.97,520.54,2388.22,8184.54,8.4,390.93,39.32,23.3
5,19:19:03,14-08-2023,6,641.84,1572.63,1407.83,21.61,554.53,2388.14,9244.14,46.91,521.15,2388.02,8228.18,8.51,391.93,39.29,23.36
6,19:19:04,14-08-2023,6,642.34,1573.34,1427.67,21.61,554.19,2388.35,9223.24,47.38,522.22,2388.08,8256.78,8.37,395.09,38.21,22.97
7,19:19:05,14-08-2023,6,641.73,1582.24,1390.32,21.61,550.21,2388.49,9232.44,46.94,523.03,2388.2,8149.74,8.48,390.03,38.89,23.24
8,19:19:06,14-08-2023,6,643.92,1613.52,1413.44,21.61,554.38,2388.05,9080.6,47.91,521.21,2387.89,8280.45,8.42,390.47,38.81,23.18
9,19:19:07,14-08-2023,6,642.23,1602.23,1420.47,21.6,551.52,2388.36,9095.92,47.21,522.25,2388.06,8232.4,8.33,398.14,39.24,23.33
10,19:19:08,14-08-2023,6,642.28,1601.68,1413.46,21.61,551.4,2388.07,9038.05,47.71,522.86,2388.3,8202.84,8.54,399.51,39.09,23.14
1,19:19:09,14-08-2023,7,642.41,1573.05,1383.66,21.6,552.88,2388.09,9179.57,48.23,521.07,2388.2,8115.1,8.37,393.8,39.33,22.93
2,19:19:10,14-08-2023,7,641.49,1582.27,1424.39,21.61,550.43,2388.53,9215.05,47.13,520.92,2388.39,8250.6,8.33,394.94,39.09,23.43
3,19:19:11,14-08-2023,7,644.27,1575.46,1428.91,21.61,550.48,2388.08,9075.07,48.21,519.14,2388.39,8153.66,8.37,399.25,39.12,22.96
4,19:19:12,14-08-2023,7,644.47,1609.81,1402.48,21.61,552.68,2388.19,9167.49,47.39,521.51,2387.97,8115.69,8.42,389.64,38.99,22.98
5,19:19:13,14-08-2023,7,644.13,1597.76,1394.74,21.61,553.13,2388.11,9231.94,48.14,519.26,2387.91,8199.72,8.43,390.54,38.72,23.01
6,19:19:14,14-08-2023,7,642.23,1590.94,1382.57,21.61,550.63,2388.2,9040.49,48.16,522.38,2388.35,8276.32,8.55,388.75,38.2,23.28
7,19:19:15,14-08-2023,7,641.8,1613.6,1388.74,21.6,553.55,2388.32,9177.81,47.76,520.6,2388.44,8211.88,8.56,390.66,39.16,23.17
8,19:19:16,14-08-2023,7,642.48,1575.51,1430.11,21.6,554.49,2388.52,9211,48.25,522.04,2388.31,8199.96,8.49,394.03,38.89,23.38
9,19:19:17,14-08-2023,7,641.31,1605.72,1417.78,21.6,550.74,2388.03,9194.98,48.27,522.14,2388.01,8229.13,8.41,389.27,39.29,22.97
10,19:19:18,14-08-2023,7,642.8,1583.44,1394.08,21.6,553.93,2388.53,9071.19,47.7,522.34,2388.52,8127.48,8.4,394.73,38.97,23.53
1,19:19:19,14-08-2023,8,641.98,1601.96,1419.53,21.61,554.9,2388.41,9028.07,47.84,521.59,2388.4,8250.01,8.4,388.92,39.28,23.02
2,19:19:20,14-08-2023,8,641.8,1587.54,1408.5,21.6,553.87,2387.97,9094.32,48.31,521.54,2387.95,8256.09,8.52,392.79,38.61,23.18
3,19:19:21,14-08-2023,8,642.11,1598.55,1386.29,21.61,552.53,2388.48,9172.13,47.62,520.9,2388.08,8143.43,8.39,394.92,38.53,22.99
4,19:19:22,14-08-2023,8,643.7,1593.06,1411.03,21.6,555.18,2387.99,9087.07,47.16,518.7,2388.49,8155.89,8.54,395.81,39.03,23.02
5,19:19:23,14-08-2023,8,641.36,1615.06,1428.16,21.6,555.2,2388.04,9243.3,47.75,521.82,2388.2,8260.5,8.56,396.54,38.66,23.03
6,19:19:24,14-08-2023,8,643.99,1578.14,1422.16,21.6,552.01,2388.25,9123.63,47.93,522.05,2388.19,8204.8,8.33,391.22,38.39,23.4
7,19:19:25,14-08-2023,8,642.68,1581.88,1420.94,21.6,552.02,2388.24,9116.76,47.43,518.93,2387.94,8256.78,8.55,399.84,38.81,23.1
8,19:19:26,14-08-2023,8,641.81,1587.52,1408.26,21.61,554.09,2388.42,9107.82,47.09,520.69,2387.95,8216.29,8.58,389.31,39.26,23.01
9,19:19:27,14-08-2023,8,643.87,1585.41,1405.69,21.6,553.16,2388.39,9237.91,48.46,519.11,2387.89,8110.22,8.56,398.79,38.19,23.2
10,19:19:28,14-08-2023,8,641.82,1581.12,1428.36,21.61,550.31,2388.2,9112.87,47.62,521.51,2388.45,8209.1,8.38,397.64,39.01,22.95
1,19:19:29,14-08-2023,9,644.41,1592.84,1405.03,21.6,555.63,2388.51,9044.74,48.36,522.8,2388.01,8278.49,8.57,389.08,39.2,23.6
2,19:19:30,14-08-2023,9,642.9,1571.26,1393.4,21.6,553.75,2388.07,9188.58,46.91,522.08,2388.12,8268.92,8.4,394.63,39.01,23.59
3,19:19:31,14-08-2023,9,643.28,1600.3,1407.89,21.6,556.04,2388.14,9227.97,47.02,519.93,2388.42,8156.34,8.37,396.76,38.63,22.9
4,19:19:32,14-08-2023,9,643.53,1611.84,1382.94,21.61,550.95,2388.32,9054.76,48.4,521.86,2388.47,8153.4,8.47,389.86,39.21,23.06
5,19:19:33,14-08-2023,9,641.58,1591.8,1433.24,21.61,552.71,2388.47,9224.42,47.5,523.17,2388,8136.31,8.39,392.32,39.32,23.35
6,19:19:34,14-08-2023,9,642.43,1599.27,1412.9,21.6,552.97,2388.36,9025.74,47.94,521.6,2388.35,8200.73,8.56,390.9,39.01,23.42
7,19:19:35,14-08-2023,9,642.75,1607.2,1392.72,21.6,551.92,2388.32,9062.29,47.26,518.81,2387.97,8180.87,8.38,392.62,39.14,22.99
8,19:19:36,14-08-2023,9,641.25,1577.69,1426.39,21.61,553.1,2388.06,9071.79,47.76,522.9,2388.45,8145.56,8.43,396.87,38.76,22.96
9,19:19:37,14-08-2023,9,642.75,1614.21,1434.42,21.61,551.5,2388.04,9083.69,47.6,520.84,2388.09,8213.6,8.55,394.18,39.39,23.37
10,19:19:38,14-08-2023,9,643.35,1616.22,1429.57,21.6,553.05,2388.11,9163.62,48.09,522.74,2388.24,8213.16,8.35,399.41,38.56,23.31
1,19:19:49,14-08-2023,11,641.35,1607.15,1412.92,21.61,552.5,2388.42,9052.67,48.03,519.78,2388.29,8101.47,8.54,393.68,38.81,23.47
2,19:19:50,14-08-2023,11,641.63,1578.71,1428.21,21.61,553.31,2388.09,9076.99,47.18,518.84,2387.96,8240.87,8.48,390.54,39.01,23.57
3,19:19:51,14-08-2023,11,643.83,1604.14,1425.31,21.6,553.86,2388,9041.82,48.17,522.72,2388.1,8173.89,8.55,389.7,39.24,23.18
4,19:19:53,14-08-2023,11,644.31,1616.06,1415.26,21.61,555.48,2387.98,9021.74,47.11,520.13,2387.9,8151.7,8.33,395.77,38.76,23.41
5,19:19:54,14-08-2023,11,643.16,1583.29,1408,21.6,553.41,2387.95,9126.07,47.96,522.75,2388.1,8291,8.39,390.34,38.3,22.97
6,19:19:55,14-08-2023,11,643.15,1573.81,1387.14,21.6,554.63,2388.55,9078.89,48.14,519.37,2388.26,8255.11,8.43,395.19,38.72,23.54
7,19:19:56,14-08-2023,11,642.25,1572.67,1391.58,21.61,552.02,2388.38,9206.17,48.22,520.54,2388.35,8128.11,8.42,399.27,38.58,23.26
8,19:19:57,14-08-2023,11,641.34,1613.48,1415.9,21.6,550.27,2388.12,9046.74,47.39,519.19,2388.05,8272.08,8.56,396.02,38.77,23.15
9,19:19:58,14-08-2023,11,643.06,1607.74,1405.41,21.61,553.25,2388.39,9121.32,47.48,521.31,2388.45,8113.01,8.51,390.65,38.15,22.93
10,19:19:59,14-08-2023,11,643.63,1573.17,1439.67,21.6,550.9,2387.92,9162.92,47.32,520.38,2388.38,8204.2,8.39,395.76,38.41,23.43
1,19:20:00,14-08-2023,12,641.22,1606.13,1414.06,21.6,552.84,2387.96,9051.49,48.41,520.84,2388.35,8248.92,8.46,392.74,39.42,23.28
2,19:20:01,14-08-2023,12,642.67,1603.96,1416.6,21.6,549.94,2388.39,9120.95,47.94,518.83,2388.43,8175.02,8.47,388.66,38.18,23.46
3,19:20:02,14-08-2023,12,643.84,1572.71,1414.21,21.6,552.52,2387.91,9113.93,47.8,523.14,2388.47,8149.34,8.51,392.8,38.98,23.41
4,19:20:03,14-08-2023,12,644.31,1575.14,1407.41,21.61,552.94,2388.19,9080.09,48.43,519.1,2388.08,8245.13,8.45,398.33,39.18,23.26
5,19:20:04,14-08-2023,12,643.32,1598.42,1414.53,21.6,555.6,2388.54,9065.31,47.42,521.21,2387.98,8141.24,8.53,398.34,38.93,23.21
6,19:20:05,14-08-2023,12,643.1,1596.1,1413.78,21.61,550.22,2387.92,9118.11,47.39,523.25,2388.23,8218.78,8.51,399.92,38.75,23.28
7,19:20:06,14-08-2023,12,642.87,1576.04,1389.59,21.6,551.61,2387.93,9026.38,47.66,520.52,2388.26,8220.8,8.48,392.21,38.77,23.05
8,19:20:07,14-08-2023,12,643.85,1573.53,1427.43,21.6,550.15,2388.44,9101.1,47.66,519.36,2388.1,8293.57,8.52,388.62,39.42,23.06
9,19:20:08,14-08-2023,12,643.13,1593.69,1402.34,21.61,553.2,2388.31,9189.53,47.79,519.17,2387.98,8123.11,8.51,396.96,38.75,23.05
10,19:20:09,14-08-2023,12,644.41,1583.18,1398,21.61,553.52,2388.11,9143.77,48.44,522.41,2388.35,8153.45,8.53,393.36,38.56,23.46
1,19:20:10,14-08-2023,13,643.46,1612.62,1398.79,21.6,553.63,2388.44,9164.07,47.46,520.47,2388.38,8197.86,8.45,393.61,38.47,23.6
2,19:20:11,14-08-2023,13,643.46,1580.91,1396.19,21.61,555.69,2388.45,9079.29,47.67,522.31,2387.92,8134.62,8.34,398.14,38.95,23.17
3,19:20:12,14-08-2023,13,643.3,1584.9,1399.02,21.61,551.82,2388.49,9184.17,48.46,519.88,2387.95,8235.15,8.52,395.31,38.35,22.9
4,19:20:13,14-08-2023,13,643.14,1609.75,1395.69,21.61,554.75,2388.01,9164.63,46.93,521.77,2388.16,8119.1,8.54,393.55,39.36,23.23
5,19:20:14,14-08-2023,13,644,1597.38,1427.44,21.6,552.85,2387.95,9025.03,47.21,518.87,2388.06,8162.33,8.52,388.35,39.34,23.55
6,19:20:15,14-08-2023,13,641.35,1594.5,1426.33,21.6,551.88,2388.25,9118.72,48.48,521.41,2387.94,8173.92,8.5,399.12,39.23,23.34
7,19:20:16,14-08-2023,13,642.49,1602.41,1393.89,21.6,554.86,2388.35,9073.14,48.23,522.88,2388.06,8117.45,8.38,388.04,38.29,23
8,19:20:17,14-08-2023,13,644.21,1578.39,1421.2,21.61,552.51,2388.55,9061.87,48.3,523.16,2388.4,8284.85,8.41,393.26,39.28,23.02
9,19:20:18,14-08-2023,13,641.41,1583.32,1433.32,21.6,552.44,2388.34,9230.49,47.94,520.99,2388.44,8277.49,8.48,388.53,39.33,23.4
10,19:20:19,14-08-2023,13,641.84,1608.79,1433.17,21.61,552.77,2388.09,9207.2,47.94,519.39,2388.41,8179.39,8.35,389.42,39.23,23.61
1,19:20:20,14-08-2023,14,642.19,1612.69,1397.21,21.6,550.87,2388.34,9206.05,47.02,520.18,2388.1,8280.35,8.39,398.76,39.4,23.01
2,19:20:21,14-08-2023,14,643.19,1578.65,1440.12,21.6,549.94,2388.2,9187.23,48.27,519.15,2388.49,8222.1,8.46,399.96,39.11,23.15
3,19:20:22,14-08-2023,14,644.47,1573.1,1397.87,21.6,551.11,2388.18,9223.32,46.9,521.17,2388.03,8167.24,8.44,393.49,38.45,23.21
4,19:20:23,14-08-2023,14,643.24,1609.56,1417.91,21.61,551.68,2388.31,9029.53,46.91,520.86,2387.97,8280.28,8.35,395.68,39.34,23.5
5,19:20:24,14-08-2023,14,644.52,1612.77,1434.74,21.6,550.75,2387.96,9174.96,46.93,519.25,2388.03,8152.55,8.45,396.14,39.08,23.41
6,19:20:25,14-08-2023,14,641.59,1586.62,1414.91,21.61,555.61,2388.46,9095.76,48.47,522.84,2388.42,8118.39,8.54,398.64,39.09,23.43
7,19:20:26,14-08-2023,14,643.63,1604.57,1420.91,21.61,556,2388.43,9178.49,47.99,522.66,2388.44,8273.37,8.36,391.49,38.88,23.51
8,19:20:27,14-08-2023,14,641.22,1602.57,1393.23,21.61,552.36,2387.97,9110.99,48.09,519.04,2388.07,8202.64,8.37,389.2,38.68,23.55
9,19:20:28,14-08-2023,14,644.01,1577.67,1419.99,21.6,554.56,2388.31,9086.93,47.63,520.12,2387.97,8155.24,8.38,391.06,38.88,23.45
10,19:20:29,14-08-2023,14,641.54,1597.61,1409.52,21.6,550.68,2388.47,9110.67,47.75,521.5,2388.2,8258.59,8.36,395.75,39.33,23.29
1,19:20:40,14-08-2023,16,643.04,1606,1423.17,21.6,551.45,2388.2,9203.56,47.77,522.96,2387.96,8233.37,8.38,391.85,39.36,23.45
2,19:20:41,14-08-2023,16,641.52,1573.07,1403.09,21.61,551.9,2388.22,9114.87,48.08,518.78,2387.89,8139.51,8.54,389.76,39.24,23.44
3,19:20:42,14-08-2023,16,643.51,1589.45,1412.96,21.6,553.51,2388.41,9207.39,47.53,520.22,2388.39,8202.01,8.33,399.28,39.23,23.59
4,19:20:43,14-08-2023,16,643.58,1614.22,1382.45,21.6,552.93,2388.12,9144.14,48.38,518.99,2388.27,8280.32,8.39,392.86,38.24,22.98
5,19:20:44,14-08-2023,16,641.75,1606.42,1412.97,21.61,550.81,2387.97,9123.39,48.51,521.1,2388.41,8241.81,8.34,397.58,39.01,23.54
6,19:20:45,14-08-2023,16,643.73,1588.68,1431.43,21.61,552.64,2388.11,9042.88,48.53,519.81,2387.99,8209.61,8.37,393.11,39.39,23.07
7,19:20:46,14-08-2023,16,643.01,1577.11,1383.37,21.6,554.89,2388.01,9059.7,47.3,519.45,2388.35,8109.9,8.56,396.71,39.24,23.3
8,19:20:47,14-08-2023,16,643.25,1598.9,1438.6,21.6,552.14,2388.16,9193.47,47.63,520.56,2387.89,8220.41,8.58,390.15,38.2,23.57
9,19:20:48,14-08-2023,16,642.63,1598.14,1386.26,21.6,553.9,2388.48,9159.92,48.23,519.39,2388.41,8198.34,8.38,396.13,38.44,22.93
10,19:20:49,14-08-2023,16,642.02,1609.98,1421.16,21.6,551.68,2387.92,9154.44,46.96,520.98,2388.56,8114.29,8.35,399.5,38.47,23.01
1,19:20:50,14-08-2023,17,644.18,1602.24,1426.61,21.61,550.63,2388.16,9209.13,48.1,519.74,2388.55,8202.39,8.52,390.27,38.41,23.59
2,19:20:52,14-08-2023,17,642,1591.69,1430.52,21.61,553.86,2387.97,9226.87,47.25,519.5,2388.16,8145.42,8.39,394.24,38.39,23.26
3,19:20:53,14-08-2023,17,643.46,1574.99,1392.97,21.6,550.14,2388.1,9206.19,48.34,518.94,2387.92,8269.9,8.48,397.41,38.22,23.46
4,19:20:54,14-08-2023,17,643.7,1584.99,1396.34,21.61,551.09,2388.48,9171.77,47.05,519.27,2388.46,8202.43,8.42,389.13,38.2,23.29
5,19:20:55,14-08-2023,17,643.18,1604.35,1420.03,21.61,550.8,2388.35,9040.13,48.5,521.38,2387.97,8106.18,8.44,396.61,39.19,23.27
6,19:20:56,14-08-2023,17,642.89,1596.99,1430.81,21.61,550.66,2387.91,9161.26,48.2,519.34,2388.39,8225.91,8.5,389.31,39.1,23.41
7,19:20:57,14-08-2023,17,643.4,1586.59,1408.45,21.6,550.56,2388.29,9240.91,47.18,521.39,2388.26,8164.41,8.48,388.07,38.2,23.2
8,19:20:58,14-08-2023,17,642.94,1596.49,1440.84,21.6,551.7,2387.98,9102.1,48.4,523.02,2388.22,8230.57,8.47,390,39.15,23.12
9,19:20:59,14-08-2023,17,644.14,1591.42,1421.1,21.6,554.46,2388.41,9226.78,48.07,523.23,2388.22,8154.75,8.4,389.23,38.51,23.15
10,19:21:00,14-08-2023,17,642.96,1608.23,1435.87,21.61,550.8,2388.03,9163.1,47.71,519.28,2388.26,8102.32,8.53,389.56,38.37,23.32
1,19:21:01,14-08-2023,18,642.69,1573.89,1383.94,21.6,552.25,2388.41,9216.25,47.37,521.03,2388.45,8255.48,8.53,389.69,39.31,22.94
2,19:21:02,14-08-2023,18,642.84,1590.83,1434.42,21.6,555.73,2387.92,9155.17,47.83,521.25,2388.37,8126.66,8.47,394.31,38.49,23.43
3,19:21:03,14-08-2023,18,641.58,1603.8,1429.62,21.6,554.92,2388.02,9224.59,48.01,521.01,2388.16,8202.63,8.4,390.27,39.01,23.04
4,19:21:04,14-08-2023,18,642.07,1578.45,1419.79,21.6,553.31,2388.28,9060.34,47.11,519.45,2388.37,8270.78,8.4,391.33,38.67,23.3
5,19:21:05,14-08-2023,18,641.26,1594.79,1398.89,21.61,553.93,2387.96,9022.2,47.8,522.38,2388.22,8288.92,8.41,397.52,38.35,23.61
6,19:21:06,14-08-2023,18,644.52,1590.49,1391.08,21.61,553.35,2388.37,9068.47,48.09,522.74,2388.13,8188.43,8.52,396.04,39.09,23
7,19:21:07,14-08-2023,18,642,1605.44,1421.94,21.61,553.36,2388.12,9158.76,47.8,522.88,2388.15,8112.29,8.55,396.63,39.25,22.92
8,19:21:08,14-08-2023,18,643.56,1610.16,1409.33,21.61,552.85,2387.91,9146.96,48.01,522.25,2388.17,8112.14,8.38,390.03,39.09,23.58
9,19:21:09,14-08-2023,18,642.28,1615.5,1423.69,21.61,552.87,2388.07,9092.5,47.02,522.59,2388.02,8197.49,8.56,388.95,38.43,23.44
10,19:21:10,14-08-2023,18,641.58,1613.64,1418.14,21.61,554.72,2387.96,9153.33,47.43,522.35,2388.12,8249.28,8.54,394.77,39.35,23.31
1,19:21:11,14-08-2023,19,642.91,1583.01,1414.56,21.6,551.42,2387.92,9128.23,47.81,519.32,2388.09,8251.17,8.49,390.47,39.25,23.52
2,19:21:12,14-08-2023,19,644.39,1615.63,1428.92,21.61,553.21,2388.28,9167.22,47.07,522.99,2388.17,8193.13,8.5,391.32,38.2,23.35
3,19:21:13,14-08-2023,19,644.04,1596.65,1434.92,21.6,554.64,2387.99,9117.5,47.27,522.02,2388.26,8208.31,8.45,390.4,39.13,23.15
4,19:21:14,14-08-2023,19,641.41,1604.24,1401.38,21.61,551.64,2388.47,9115.06,48.43,523.36,2388.11,8172.49,8.45,388.3,38.98,23.27
5,19:21:15,14-08-2023,19,643.38,1594.12,1387.01,21.61,555.44,2388.46,9174.04,47.41,519.16,2388.15,8273.16,8.5,398.63,38.26,23.2
6,19:21:16,14-08-2023,19,641.99,1578.08,1391.09,21.61,549.85,2388.19,9116.17,47.55,520.47,2388.17,8246.38,8.52,398.77,39.15,23.19
7,19:21:17,14-08-2023,19,642.6,1590.93,1436,21.61,555.91,2388.43,9100.14,47.96,519.34,2388.19,8110.34,8.33,389.36,39.35,22.99
8,19:21:18,14-08-2023,19,643,1579.09,1398.85,21.61,554.41,2388.09,9049.68,47.12,521.97,2388.22,8212.1,8.44,391.09,38.75,23.07
9,19:21:19,14-08-2023,19,643.41,1612.14,1421.93,21.61,552.31,2388.33,9105.83,48.11,520.12,2388.23,8138.86,8.42,394.59,38.55,23.11
10,19:21:20,14-08-2023,19,643.45,1610.15,1410.29,21.61,553.21,2388.04,9074.44,47.97,520.41,2388.52,8132.93,8.57,392.7,38.69,23.2
1,19:21:31,14-08-2023,21,643.29,1575.16,1401.09,21.6,553.94,2388.37,9231.96,46.91,520.86,2388.05,8207.04,8.5,395.29,38.27,23.6
2,19:21:32,14-08-2023,21,644.21,1606.7,1431.39,21.6,554.4,2388.14,9152.44,48.48,518.86,2388.53,8275.54,8.38,398.79,38.52,23.35
3,19:21:33,14-08-2023,21,642.28,1613.51,1425.13,21.61,551.24,2388.15,9100.39,47.13,520.66,2388.43,8180.39,8.58,393.73,38.17,22.95
4,19:21:34,14-08-2023,21,642.72,1613.57,1432.68,21.6,551.75,2388.29,9167.55,48.35,521.29,2388.35,8263.75,8.44,398.75,39.1,23.44
5,19:21:35,14-08-2023,21,642.97,1574.02,1422.79,21.6,554.22,2388.5,9163.68,46.95,519.04,2387.92,8268.89,8.45,388.34,38.59,23.26
6,19:21:36,14-08-2023,21,641.55,1607.94,1408.27,21.61,550.4,2388.39,9141.67,48.1,521.68,2387.94,8183.89,8.45,394.64,38.56,23.06
7,19:21:37,14-08-2023,21,642.24,1610.46,1399.51,21.61,550.55,2388.56,9223.12,48.11,518.93,2388.55,8256.26,8.57,393.61,39.22,23.09
8,19:21:38,14-08-2023,21,644.46,1614.06,1386.88,21.6,555.39,2388.01,9058.2,47.57,522.96,2388.42,8201.15,8.41,391.39,38.24,23.38
9,19:21:39,14-08-2023,21,642.9,1588.79,1413.77,21.61,552.23,2388.33,9199.02,47.33,520.55,2388.46,8151.24,8.38,397.26,39.09,22.92
10,19:21:40,14-08-2023,21,641.36,1603.71,1440.04,21.6,550.67,2388.47,9086.54,47.35,520.08,2388.02,8118.42,8.54,394.53,38.63,23.54
1,19:21:41,14-08-2023,22,641.93,1611.72,1398.92,21.61,554.12,2388.34,9109.72,47.66,523.15,2388.42,8163.93,8.38,399.91,38.27,23.58
2,19:21:42,14-08-2023,22,641.31,1577.8,1421.38,21.6,551.53,2388.42,9216.27,47.79,519.1,2388,8247.79,8.37,399.86,38.54,23.3
3,19:21:43,14-08-2023,22,644.14,1595.12,1408.71,21.6,551.55,2387.99,9206.42,47.97,521.58,2388.41,8189.01,8.57,399.94,38.72,22.93
4,19:21:44,14-08-2023,22,644.34,1593.19,1393.85,21.61,552.89,2388.21,9109.93,47.46,518.82,2388.21,8202.89,8.53,395.97,38.81,22.97
5,19:21:45,14-08-2023,22,641.95,1589.52,1419.22,21.61,553.37,2388.49,9201.05,47.52,521.35,2388.17,8133.97,8.33,392.41,38.36,23.24
6,19:21:46,14-08-2023,22,642.59,1576.28,1439.27,21.61,554.31,2388.2,9039.14,47.04,522.5,2387.95,8215.53,8.41,398.78,38.48,23.52
7,19:21:47,14-08-2023,22,644.52,1593.3,1398.06,21.61,550.82,2388.45,9137.72,48.46,519.77,2387.94,8173.9,8.43,389.38,39.11,23.31
8,19:21:48,14-08-2023,22,643.19,1578.58,1423.18,21.61,554.67,2388.17,9023.71,48.28,521.14,2388.44,8286.1,8.36,389.99,39.25,23.17
9,19:21:49,14-08-2023,22,641.31,1610.36,1433.55,21.6,552.83,2387.91,9050.92,48.53,523.3,2388.13,8116.95,8.42,397.2,38.4,22.98
10,19:21:50,14-08-2023,22,642.35,1607.66,1398.71,21.6,552.06,2387.94,9120.59,47.46,522.95,2388.54,8136.09,8.55,389.04,38.59,23.42
1,19:21:51,14-08-2023,23,642.76,1588.58,1416.87,21.6,554.07,2387.94,9100.93,48.21,518.99,2388.11,8133.15,8.36,396.44,39.35,23.15
2,19:21:52,14-08-2023,23,643.92,1583.96,1391.29,21.6,551.81,2388.24,9054.73,48.13,522.79,2387.92,8240.73,8.34,399.08,39.19,23.19
3,19:21:53,14-08-2023,23,643.37,1583.91,1429.33,21.6,553.66,2388.21,9088.28,48.48,520.02,2388.13,8159.53,8.44,394.15,38.15,23.18
4,19:21:54,14-08-2023,23,644.09,1608.99,1422.28,21.6,555.57,2388.55,9139.42,46.97,522.21,2388.15,8124.22,8.45,393.53,38.2,23.11
5,19:21:55,14-08-2023,23,644.11,1603.12,1416.11,21.61,555.65,2388.02,9053.43,47.24,519.41,2388.17,8215.21,8.44,398.59,38.28,23.24
6,19:21:56,14-08-2023,23,642.13,1615.76,1400.01,21.61,556.03,2388.05,9232.02,47.73,520.06,2388.35,8278.97,8.43,390.08,38.64,23.23
7,19:21:57,14-08-2023,23,642.75,1582.89,1392,21.6,555.6,2387.97,9071.02,46.97,520.25,2388.14,8195.93,8.57,398.05,38.63,22.92
8,19:21:58,14-08-2023,23,642.24,1601.03,1382.8,21.61,553.61,2387.9,9207,47.77,521.16,2387.96,8147.28,8.44,394.47,38.68,23.5
9,19:21:59,14-08-2023,23,641.23,1611.48,1387.8,21.6,555.55,2387.91,9081.58,47.08,519.11,2388.29,8199.56,8.48,394.33,38.59,23.59
10,19:22:00,14-08-2023,23,643.07,1601.38,1418.74,21.61,551.53,2388.05,9149.86,47.02,522.3,2387.95,8143.61,8.33,394.62,39.13,23.21
1,19:22:01,14-08-2023,24,642.5,1606.35,1400.84,21.6,555.68,2388.05,9133.42,47.2,520.42,2388.28,8256.61,8.55,390.1,38.57,23.06
2,19:22:02,14-08-2023,24,641.66,1612.2,1435.39,21.61,552.76,2388.01,9238.88,46.92,519.96,2388.39,8128,8.45,397.12,39.04,23.08
3,19:22:03,14-08-2023,24,641.85,1574.87,1384.08,21.61,553.35,2388.54,9186.14,46.96,519.53,2387.95,8227.04,8.58,399.9,39.21,23.13
4,19:22:04,14-08-2023,24,641.96,1615.43,1395.29,21.6,554.32,2388.35,9086.82,48.02,522.12,2388.26,8185.23,8.55,388.71,38.4,23.31
5,19:22:05,14-08-2023,24,642.27,1589.07,1421.16,21.6,555.44,2388.05,9093.39,47.92,520.04,2388.22,8244.24,8.57,393.84,39.09,23.45
6,19:22:06,14-08-2023,24,643.9,1615.21,1426.16,21.6,550.39,2388.2,9181.77,47.49,519.43,2388.19,8282.43,8.48,391.92,38.14,23.47
7,19:22:07,14-08-2023,24,644.2,1585.76,1393.52,21.61,554.02,2387.96,9195.15,48.52,522.1,2387.92,8195.57,8.45,388.09,39.4,23.04
8,19:22:08,14-08-2023,24,643.8,1607.27,1392.36,21.61,554.94,2388.07,9241.08,47.75,521.67,2387.98,8291.32,8.48,396.86,38.55,23.31
9,19:22:09,14-08-2023,24,642.99,1580.88,1435.55,21.61,554.64,2388.28,9203.45,47.77,521.34,2388.25,8219.02,8.34,388.17,38.94,22.92
10,19:22:10,14-08-2023,24,641.95,1589.55,1431.36,21.6,555.6,2388.33,9166.5,48.38,519.56,2388.07,8109.86,8.37,398.37,39.16,23.25
1,19:22:21,14-08-2023,26,642.68,1585.93,1423.86,21.6,550.16,2388.21,9225.44,48.3,518.8,2388.21,8178.99,8.49,394.46,38.68,23.08
2,19:22:22,14-08-2023,26,643.13,1600.55,1421.55,21.6,550.07,2388.29,9033.91,48,521.03,2388.04,8288.11,8.47,392.97,39.22,23.14
3,19:22:23,14-08-2023,26,644.21,1583.77,1421.62,21.61,553.7,2388.37,9039.22,47.75,521.41,2387.95,8102.53,8.58,396.88,38.85,23.19
4,19:22:24,14-08-2023,26,644.53,1576.94,1385.43,21.61,553.17,2387.96,9077.99,47.84,522.32,2388.39,8260.81,8.52,391.63,38.46,23.31
5,19:22:25,14-08-2023,26,643.34,1577.77,1433.08,21.6,554.52,2388.22,9026.59,48.24,518.75,2388.29,8280.45,8.33,395.09,39.01,23.31
6,19:22:26,14-08-2023,26,641.21,1601.81,1424.03,21.6,551.92,2388.06,9053.74,47.83,522.58,2388.5,8165.48,8.5,395.96,38.97,23.55
7,19:22:27,14-08-2023,26,642.02,1584.04,1385.27,21.6,553.52,2388.43,9150.92,47.88,521.65,2388.28,8141.48,8.47,395.4,39.18,23.06
8,19:22:28,14-08-2023,26,641.85,1608,1435.89,21.61,555.19,2388.06,9052.76,46.86,522.56,2388.54,8278.57,8.37,395.55,38.89,23.48
9,19:22:29,14-08-2023,26,642.98,1609.07,1387.46,21.61,555.63,2388.35,9107.84,47.71,520.05,2387.89,8119.71,8.46,394.98,39.07,23.12
10,19:22:30,14-08-2023,26,643.92,1612.9,1389.1,21.61,554.89,2388.54,9235.99,48.45,523.28,2388.42,8278.19,8.56,399.41,38.85,23.25
1,19:22:31,14-08-2023,27,643.72,1574.8,1400.95,21.61,553.99,2388.06,9137.97,46.94,522.24,2388.43,8113.66,8.55,391.8,38.98,23.31
2,19:22:32,14-08-2023,27,643.29,1592.57,1411.31,21.61,551.04,2388.1,9181.73,47.11,519.88,2388.35,8282.08,8.37,395.19,39.29,23.42
3,19:22:33,14-08-2023,27,641.5,1600.68,1429.86,21.6,552.89,2388.21,9166.15,46.87,521.14,2388.16,8259.42,8.48,391.17,38.32,23.07
4,19:22:34,14-08-2023,27,644,1606.19,1424.61,21.6,553.01,2388.5,9163.14,47.23,518.97,2388.48,8279.01,8.58,388.73,38.81,23.54
5,19:22:35,14-08-2023,27,643.81,1598.98,1414.02,21.61,549.92,2387.92,9034.21,47.96,518.86,2388.27,8112.25,8.55,390.05,38.56,23.62
6,19:22:36,14-08-2023,27,642.59,1578.79,1427.62,21.6,552.96,2388.08,9030.25,47.08,521.04,2387.95,8104.48,8.44,389.17,38.25,23.58
7,19:22:37,14-08-2023,27,644.49,1610.81,1415.26,21.61,552.66,2388.27,9144.12,47.71,519.75,2388.28,8116.85,8.4,393.35,38.47,23.34
8,19:22:38,14-08-2023,27,642.69,1601.99,1428.83,21.6,554.86,2388.09,9129.89,48.27,520.67,2388.55,8282.56,8.44,392.93,38.19,23.28
9,19:22:39,14-08-2023,27,642.4,1572.27,1405.82,21.61,553.27,2388.46,9129.74,47.02,520.38,2388.36,8232.74,8.44,388.02,38.31,23.41
10,19:22:40,14-08-2023,27,643.26,1597.46,1404.79,21.6,554.74,2388.02,9176.07,47.31,518.84,2387.96,8150.01,8.58,394.75,39,22.9
1,19:22:41,14-08-2023,28,641.52,1572.37,1384.64,21.6,555.72,2388.29,9098.02,47.57,521.93,2388.36,8127.38,8.42,389.8,38.32,23.26
2,19:22:42,14-08-2023,28,644.05,1605.98,1387.11,21.6,550.89,2388.47,9116.11,48.29,519.35,2388.19,8288.87,8.43,393.15,38.83,22.94
3,19:22:43,14-08-2023,28,642.68,1599.97,1388.06,21.6,550.61,2387.93,9038.16,47.63,520.91,2388.4,8132.3,8.48,389.67,38.55,23.44
4,19:22:44,14-08-2023,28,643.35,1578.98,1413.08,21.61,552.39,2388.35,9154.67,48.25,521.25,2388.38,8155.81,8.46,389.64,39.07,22.94
5,19:22:45,14-08-2023,28,641.89,1578.39,1423.1,21.6,553.85,2388.44,9099.26,48.05,519.98,2388.44,8193.12,8.44,393.26,38.94,23.44
6,19:22:46,14-08-2023,28,641.86,1583.22,1437.54,21.61,556.02,2388.13,9111.84,47.84,519.52,2388.53,8163.34,8.45,393.67,38.74,23.03
7,19:22:47,14-08-2023,28,642.97,1601.78,1402.53,21.6,555.9,2388.55,9028.87,47.39,521.99,2388.09,8127.87,8.37,397.01,38.89,23.48
8,19:22:48,14-08-2023,28,642.91,1606.76,1386.34,21.6,552.93,2387.94,9197.2,48.36,521.75,2388.54,8264.85,8.58,393.14,38.56,23.22
9,19:22:49,14-08-2023,28,643.24,1610.21,1388.97,21.61,550.31,2387.96,9230.75,47.03,520.61,2388.32,8180.26,8.47,397.89,38.35,22.99
10,19:22:50,14-08-2023,28,643.29,1602.07,1436.44,21.61,550.6,2388.17,9190.87,48.38,520.15,2388.16,8268.84,8.37,392.68,38.53,23.25
1,19:22:51,14-08-2023,29,643.98,1612.77,1402.34,21.61,555.2,2388.17,9029.31,48.19,521.13,2388.18,8185.29,8.57,399.97,38.48,22.97
2,19:22:52,14-08-2023,29,641.65,1611.96,1428.24,21.6,553.51,2388.49,9123.95,47.43,522.47,2388.4,8246.95,8.5,399.18,38.33,23.6
3,19:22:53,14-08-2023,29,642.59,1616.07,1434.74,21.61,555.61,2388.39,9059.43,48.47,521.26,2388.35,8178.57,8.58,395.48,38.66,23.08
4,19:22:54,14-08-2023,29,643.61,1595.65,1390.85,21.6,553.48,2388.38,9110.16,46.92,519.07,2388.02,8257.45,8.54,398.54,39.1,23.61
5,19:22:55,14-08-2023,29,644.05,1578.42,1439.75,21.61,555.54,2388.49,9130.78,46.99,522.73,2387.91,8250.12,8.39,388.31,38.65,23.38
6,19:22:56,14-08-2023,29,642.14,1576.65,1394.48,21.6,553.71,2388.42,9056.93,46.88,522.6,2388.04,8142.7,8.49,388.96,38.27,23.18
7,19:22:57,14-08-2023,29,641.44,1614.82,1414.97,21.6,554.17,2388.21,9230.87,47.16,521.29,2388.42,8142.99,8.41,388.79,38.46,23.42
8,19:22:58,14-08-2023,29,643.65,1595.21,1432.65,21.61,555.75,2388.21,9185.13,47.03,521,2388.27,8167.48,8.51,390.57,38.69,23.48
9,19:22:59,14-08-2023,29,643.22,1593.88,1427.62,21.6,553.19,2388.2,9161.52,47.65,521.72,2388,8153.3,8.55,394.14,38.58,22.98
10,19:23:00,14-08-2023,29,642.01,1574.57,1420.37,21.6,549.97,2388.29,9147.47,48.11,521.99,2387.92,8161.91,8.34,397.22,38.83,23.24
1,19:23:11,14-08-2023,31,643.13,1577.46,1440.2,21.6,551.7,2388.24,9201.57,48.4,523.34,2388.19,8120.79,8.39,391.86,38.94,23.33
2,19:23:12,14-08-2023,31,642.66,1610.5,1422.86,21.6,555.76,2388.37,9172.36,47.72,520.83,2388.14,8210.7,8.53,393.17,38.58,23.12
3,19:23:13,14-08-2023,31,644.23,1613.2,1408.98,21.61,551.49,2388.39,9112.01,46.97,521.86,2388.15,8201.65,8.53,395.97,39.23,23.19
4,19:23:14,14-08-2023,31,642.12,1584.11,1397.79,21.61,552.13,2388.04,9169.5,46.92,522.11,2387.96,8181.61,8.4,398.77,39.24,23.36
5,19:23:15,14-08-2023,31,641.9,1606.05,1415.43,21.61,553.9,2388.44,9112.85,46.95,522.89,2387.94,8188.01,8.43,398.4,38.29,23.09
6,19:23:16,14-08-2023,31,642.1,1589,1415,21.61,552.02,2388.51,9187.73,46.87,523.2,2388.2,8125.72,8.42,397.31,38.18,23.06
7,19:23:17,14-08-2023,31,642.59,1581.98,1441.4,21.61,555.43,2388.33,9200.48,47.37,522.01,2388.36,8175.62,8.37,389.44,38.47,23.1
8,19:23:18,14-08-2023,31,642.5,1595.14,1422.13,21.61,550.2,2387.92,9213.46,48.2,518.86,2388.44,8153.37,8.37,390.47,38.21,23.04
9,19:23:19,14-08-2023,31,642.67,1592.54,1408.16,21.6,552.62,2388.12,9041.85,47.27,521.7,2388.42,8283.39,8.33,399.54,38.23,23.1
10,19:23:20,14-08-2023,31,642.02,1591.89,1430.52,21.61,552.31,2388.47,9231.06,47.28,521.84,2388.54,8115.05,8.57,389.73,38.51,23.62
1,19:23:21,14-08-2023,32,642.35,1604.26,1410,21.61,550.87,2388.5,9047.46,47.28,519.45,2388.4,8110.11,8.35,397.48,38.16,23.02
2,19:23:22,14-08-2023,32,641.47,1582.84,1419.61,21.61,550.93,2387.92,9192.36,47.04,520.01,2388.18,8117,8.42,392.63,38.44,23.36
3,19:23:23,14-08-2023,32,642.49,1597.4,1404.03,21.61,552.05,2388.25,9192.97,47.64,522.37,2388.51,8144.07,8.54,388.48,38.16,23.51
4,19:23:24,14-08-2023,32,641.93,1575.51,1388.7,21.61,556.01,2388.09,9216.34,48.12,520.55,2387.99,8137.82,8.45,394.18,38.89,23.41
5,19:23:25,14-08-2023,32,641.74,1615.38,1399.43,21.61,554.94,2388.33,9034.5,47.84,519.23,2388.45,8200.67,8.41,396.16,38.86,23.16
6,19:23:26,14-08-2023,32,642.97,1606.66,1409.38,21.61,553.72,2388.2,9227.32,47.68,519.66,2388.1,8226.29,8.43,397.62,38.36,23.61
7,19:23:27,14-08-2023,32,642.93,1585.99,1438.58,21.61,555.14,2388.41,9122.44,48.38,520.38,2388.27,8245.58,8.55,398.92,38.7,23.21
8,19:23:28,14-08-2023,32,642.11,1615.18,1395.09,21.61,553.59,2388.45,9061.47,47.73,520.27,2388.14,8263.27,8.58,397.47,38.97,23.01
9,19:23:29,14-08-2023,32,643.78,1578.45,1410.83,21.61,555.86,2388.12,9132.26,47.56,519.83,2388.46,8291.27,8.58,396.83,39.3,23.2
10,19:23:30,14-08-2023,32,641.8,1578.71,1405.28,21.6,555.41,2388.55,9073.78,46.97,521.11,2388.27,8189.04,8.42,394.72,38.46,22.9
1,19:23:31,14-08-2023,33,643.59,1572.08,1392.01,21.6,554.49,2387.99,9140.59,47.26,521.29,2388.41,8119.17,8.47,397.27,39.22,23.21
2,19:23:32,14-08-2023,33,641.87,1571.58,1418.1,21.61,552.36,2388.23,9150.74,47.92,521.38,2387.94,8140.49,8.33,393.44,39.13,23.1
3,19:23:33,14-08-2023,33,642.73,1593.33,1400.36,21.61,554.1,2387.93,9190,47.22,520.08,2388.09,8292.79,8.43,398.2,39.13,23.06
4,19:23:34,14-08-2023,33,642.17,1615.37,1396.61,21.61,553.29,2388.33,9109.49,47.07,520.03,2388.54,8144.11,8.45,388.03,39.02,23.09
5,19:23:35,14-08-2023,33,642.16,1577.4,1426.7,21.61,554.57,2388.19,9165.31,47.72,521.75,2388.52,8259.64,8.49,392.03,39.01,23.2
6,19:23:36,14-08-2023,33,643.09,1615.16,1404.92,21.61,555.16,2388.52,9123.39,47.27,519.02,2388.38,8141.98,8.4,390.85,38.42,23.6
7,19:23:37,14-08-2023,33,642.88,1594.2,1389.25,21.6,550.45,2388.48,9174.92,48.09,520.54,2388.11,8231.84,8.38,399.87,38.16,23.54
8,19:23:38,14-08-2023,33,642.56,1597.76,1432.82,21.61,552.28,2388.37,9183.26,48.27,523.18,2388.42,8214.16,8.37,389.11,39.21,23.18
9,19:23:39,14-08-2023,33,641.45,1586.11,1435.48,21.6,553.46,2388.56,9037.05,47.3,522.14,2388.19,8217.92,8.43,396.16,38.91,23.21
10,19:23:40,14-08-2023,33,643.11,1571.19,1383.1,21.6,554.76,2388.17,9051.7,47.72,519.88,2387.94,8160.16,8.54,391.19,38.66,23.38
1,19:23:41,14-08-2023,34,643.4,1592.86,1441.35,21.61,553.99,2388.28,9144.96,48.08,522.66,2388.08,8138.15,8.44,396.44,39.27,22.93
2,19:23:42,14-08-2023,34,641.66,1591.67,1385.62,21.6,555.29,2388.46,9145.53,46.87,520.4,2388.43,8119.67,8.5,395.81,38.61,22.95
3,19:23:43,14-08-2023,34,642.27,1572.32,1415.07,21.6,553.49,2388.05,9221.39,47.08,523.17,2388.38,8182.69,8.36,390.38,38.31,22.92
4,19:23:44,14-08-2023,34,642.05,1583.26,1410.63,21.6,552.44,2388.13,9056.64,48.48,520.4,2388.23,8251.12,8.45,390.35,38.7,23.5
5,19:23:45,14-08-2023,34,642.12,1605.47,1433.32,21.61,550.27,2388.2,9032.5,48.47,521.44,2387.88,8236.86,8.33,389.86,39.31,23
6,19:23:47,14-08-2023,34,641.82,1578.21,1406.62,21.61,552.74,2388.45,9025.69,47.89,522.44,2388.14,8127.52,8.48,398.18,38.58,22.9
7,19:23:48,14-08-2023,34,643.48,1599.13,1427.34,21.61,552.59,2388.45,9243.04,47.67,522.41,2388.27,8195.31,8.45,395.14,38.97,23.19
8,19:23:49,14-08-2023,34,643.67,1609.17,1415.47,21.6,552.92,2387.92,9239.86,47.71,521.72,2388.41,8273.31,8.53,392.29,39.1,22.99
9,19:23:50,14-08-2023,34,642.43,1590.57,1426.09,21.6,555.88,2388.02,9235.4,48.47,521.83,2388.39,8205.38,8.37,391.02,38.32,23.48
10,19:23:51,14-08-2023,34,643.39,1611.34,1420.19,21.6,550.04,2387.99,9075.88,46.86,521.73,2388.49,8252.4,8.47,396.15,38.33,23.1
1,19:24:02,14-08-2023,36,643.89,1594.56,1424.37,21.61,553.84,2388.35,9183.94,47.86,521.72,2388.15,8168.38,8.37,394.72,38.92,23.13
2,19:24:03,14-08-2023,36,642.43,1583.04,1394.53,21.6,552.82,2388.06,9053.84,48.06,519.84,2388.42,8218.54,8.33,392,38.52,23.02
3,19:24:04,14-08-2023,36,643.26,1575.57,1423.11,21.6,553.86,2388.12,9024.34,47.48,523.07,2388.33,8249.41,8.4,398.16,38.57,23.54
4,19:24:05,14-08-2023,36,641.79,1603.14,1391.33,21.6,554.25,2388.32,9159.85,48.28,520.35,2388.47,8224.81,8.58,398.77,39.4,23.08
5,19:24:06,14-08-2023,36,641.46,1598.42,1403.37,21.61,555.6,2387.9,9043.23,48.43,520.45,2387.9,8215.37,8.36,391.79,38.71,23.24
6,19:24:07,14-08-2023,36,641.9,1599.4,1392.8,21.6,549.86,2388.49,9243.06,47.89,522.16,2388.12,8194.14,8.42,391.76,38.64,23.16
7,19:24:08,14-08-2023,36,643.11,1592.07,1439.06,21.61,551.23,2388.48,9229.01,47.39,522.56,2388.09,8167.57,8.43,393.44,39,23.52
8,19:24:09,14-08-2023,36,644.3,1611.08,1410.72,21.6,551.3,2388.22,9243.83,47.23,519.17,2388.38,8211.22,8.48,389.45,39.29,23.6
9,19:24:10,14-08-2023,36,642.81,1592.1,1407.76,21.6,552.25,2388.33,9094.72,47.38,523.25,2387.98,8220.67,8.41,394.86,38.24,23.61
10,19:24:11,14-08-2023,36,642.65,1571.41,1433.18,21.61,550.58,2387.96,9109.99,47.04,520.19,2388.22,8264.78,8.56,389.04,39.39,23.46
1,19:24:12,14-08-2023,37,641.41,1591.87,1396.57,21.6,555.41,2388.31,9053.61,47.23,523.13,2387.96,8172.6,8.47,393.25,39.36,23.36
2,19:24:13,14-08-2023,37,642.62,1588.48,1420.93,21.6,551.68,2388.41,9105.95,48.01,522.84,2388.35,8136.59,8.52,395.12,38.5,23.41
3,19:24:14,14-08-2023,37,642.46,1586.4,1391.77,21.61,554.97,2387.94,9076.6,48.48,520,2388.01,8116.08,8.5,397.13,38.81,23.33
4,19:24:15,14-08-2023,37,642.56,1614.4,1440.4,21.6,551.28,2388.08,9206.5,47.87,523.23,2388.37,8159.24,8.37,393.39,39.3,23.21
5,19:24:16,14-08-2023,37,641.73,1583.66,1427.69,21.6,555.39,2388.29,9104.98,47.08,521.31,2388.32,8164.03,8.49,391.7,38.26,23.01
6,19:24:17,14-08-2023,37,644.23,1593.83,1388.67,21.61,553.3,2388.12,9059.09,47.5,523.12,2387.97,8118.98,8.39,391.49,38.85,23
7,19:24:18,14-08-2023,37,643.61,1603.33,1407.48,21.6,549.98,2388.11,9039.95,47.51,520.84,2388.32,8109.24,8.53,391.39,38.6,23.53
8,19:24:19,14-08-2023,37,642.69,1583.24,1404.54,21.61,550.83,2388.51,9220.61,47.4,520.17,2388.45,8189.03,8.43,389.08,39.11,23.59
9,19:24:20,14-08-2023,37,642.01,1592.78,1421.69,21.61,555.84,2388.35,9241.24,46.93,519.07,2388.18,8233,8.36,390.77,39.39,23.25
10,19:24:21,14-08-2023,37,641.58,1590.1,1426.77,21.6,555.87,2388.5,9114.79,48.3,519.79,2388.38,8235.66,8.51,389.77,39.16,23.22
1,19:24:22,14-08-2023,38,641.57,1572.44,1436.65,21.61,554.18,2388.48,9124.58,48,523.05,2388.25,8124.02,8.48,396.06,38.6,23.32
2,19:24:23,14-08-2023,38,641.73,1592.36,1382.27,21.61,555.76,2388.54,9203.97,47.47,522.6,2387.92,8119.68,8.46,396.94,38.46,23.13
3,19:24:24,14-08-2023,38,641.84,1587.48,1403.2,21.6,550.68,2387.93,9242.46,47.85,522.12,2388.5,8126.54,8.55,394.41,39.18,23.05
4,19:24:25,14-08-2023,38,641.61,1615.37,1422.31,21.6,555.29,2388.31,9041.76,48.01,523.36,2388.51,8244.23,8.35,393.47,38.77,23.15
5,19:24:26,14-08-2023,38,643.8,1602.2,1424.02,21.6,554.74,2388.45,9062.47,48.16,520.72,2388.5,8234.93,8.47,397.26,38.44,23.17
6,19:24:27,14-08-2023,38,644.47,1587.1,1402.73,21.61,552.77,2388.05,9085.68,47.79,522.98,2388.07,8193.36,8.5,392.56,39.35,23
7,19:24:28,14-08-2023,38,643.62,1603.9,1431.28,21.6,555.12,2388.31,9082.06,46.9,520.53,2388.36,8283.4,8.35,391.29,39.07,23.13
8,19:24:29,14-08-2023,38,643.38,1603.24,1421.93,21.61,552.1,2387.99,9070.77,47.94,521.97,2387.97,8280.44,8.37,397.51,38.54,22.98
9,19:24:30,14-08-2023,38,644.33,1572.83,1431.73,21.61,552.78,2388.35,9107.2,48.1,522.05,2388.41,8186.33,8.5,398.38,39.07,23.17
10,19:24:31,14-08-2023,38,641.82,1588.15,1387.16,21.61,552.16,2388.19,9243.26,47.84,519.13,2388.35,8240.65,8.33,398.49,38.81,23.14
1,19:24:32,14-08-2023,39,644.51,1592.14,1404.51,21.61,551.27,2388.46,9135.83,47.88,521.45,2388.03,8175.13,8.33,398.68,38.47,23.44
2,19:24:33,14-08-2023,39,642.11,1591.11,1389.82,21.6,551.66,2388.23,9199.62,47.33,519.12,2388.49,8289.67,8.54,399,39.24,23.14
3,19:24:34,14-08-2023,39,642.05,1609.85,1429.45,21.61,554.04,2387.92,9127.82,47.16,521.68,2387.92,8180.07,8.33,389.2,38.53,23.1
4,19:24:35,14-08-2023,39,644.05,1597.36,1424.66,21.61,555.61,2387.91,9129.31,48.07,520.07,2388.27,8219.54,8.4,392.71,38.83,22.99
5,19:24:36,14-08-2023,39,643.63,1607.13,1439.85,21.61,552.43,2388.33,9144.69,48.35,522.59,2388.01,8285.39,8.39,390.58,38.21,23.29
6,19:24:37,14-08-2023,39,642.85,1612.9,1389.54,21.6,555.41,2387.93,9070.16,47.49,522.33,2388.23,8284.55,8.43,397.41,38.59,23.57
7,19:24:38,14-08-2023,39,644.23,1574.47,1424.53,21.61,553.58,2387.99,9139.75,47.11,518.79,2388.13,8166.26,8.58,395.3,38.86,22.92
8,19:24:39,14-08-2023,39,641.73,1573.36,1438.41,21.6,551.46,2388.46,9095.43,47.65,519.73,2387.95,8291.51,8.37,394,39.14,23.27
9,19:24:40,14-08-2023,39,642.63,1602.41,1417.46,21.6,553.37,2388.03,9081.83,47.01,520.32,2388.08,8188.83,8.5,391.23,38.23,23.07
10,19:24:41,14-08-2023,39,642.22,1581.31,1399.92,21.6,552.98,2388.27,9043.06,48.25,518.86,2388.1,8282.39,8.33,393.9,38.71,23.47
